0,0,0.17,-0.16265994732876568,-0.6824777790055415,-0.11626596235169225,0.7030277723512075,-0.548351,-0.2,-0.350591,0.40806,0.302719,0,0.235198,-0.155071,-0.272678,0.33453,0.172021,0,-0.101662,0.391844,1.078428,-0.28891,1.28124,-0.052918,0.326323,-1.166442,0.293506,1.385848,0.878382
0,0,0.17,-0.16265994732876568,-0.6824777790055415,-0.11626596235169225,0.7030277723512075,-0.548351,-0.2,-0.350591,0.40806,0.302719,0,0.235198,-0.155071,-0.272678,0.33453,0.172021,0,-0.101662,0.391844,1.078428,-0.28891,1.28124,-0.052918,0.326323,-1.166442,0.293506,1.385848,0.878382
0,0,0.17,-0.16265994732876568,-0.6824777790055415,-0.11626596235169225,0.7030277723512075,-0.548351,-0.2,-0.350591,0.40806,0.302719,0,0.235198,-0.155071,-0.272678,0.33453,0.172021,0,-0.101662,0.391844,1.078428,-0.28891,1.28124,-0.052918,0.326323,-1.166442,0.293506,1.385848,0.878382
0,0,0.17,-0.16265994732876568,-0.6824777790055415,-0.11626596235169225,0.7030277723512075,-0.548351,-0.2,-0.350591,0.40806,0.302719,0,0.235198,-0.155071,-0.272678,0.33453,0.172021,0,-0.101662,0.391844,1.078428,-0.28891,1.28124,-0.052918,0.326323,-1.166442,0.293506,1.385848,0.878382
0,0,0.17,-0.16265994732876568,-0.6824777790055415,-0.11626596235169225,0.7030277723512075,-0.548351,-0.2,-0.350591,0.40806,0.302719,0,0.235198,-0.155071,-0.272678,0.33453,0.172021,0,-0.101662,0.391844,1.078428,-0.28891,1.28124,-0.052918,0.326323,-1.166442,0.293506,1.385848,0.878382
0,0,0.17,-0.16265994732876568,-0.6824777790055415,-0.11626596235169225,0.7030277723512075,-0.548351,-0.2,-0.350591,0.40806,0.302719,0,0.235198,-0.155071,-0.272678,0.33453,0.172021,0,-0.101662,0.391844,1.078428,-0.28891,1.28124,-0.052918,0.326323,-1.166442,0.293506,1.385848,0.878382
0,0,0.17,-0.16265994732876568,-0.6824777790055415,-0.11626596235169225,0.7030277723512075,-0.548351,-0.2,-0.350591,0.40806,0.302719,0,0.235198,-0.155071,-0.272678,0.33453,0.172021,0,-0.101662,0.391844,1.078428,-0.28891,1.28124,-0.052918,0.326323,-1.166442,0.293506,1.385848,0.878382
0,0,0.17,-0.16265994732876568,-0.6824777790055415,-0.11626596235169225,0.7030277723512075,-0.548351,-0.2,-0.350591,0.40806,0.302719,0,0.235198,-0.155071,-0.272678,0.33453,0.172021,0,-0.101662,0.391844,1.078428,-0.28891,1.28124,-0.052918,0.326323,-1.166442,0.293506,1.385848,0.878382
0,0,0.17,-0.16265994732876568,-0.6824777790055415,-0.11626596235169225,0.7030277723512075,-0.548351,-0.2,-0.350591,0.40806,0.302719,0,0.235198,-0.155071,-0.272678,0.33453,0.172021,0,-0.101662,0.391844,1.078428,-0.28891,1.28124,-0.052918,0.326323,-1.166442,0.293506,1.385848,0.878382
0,0,0.17,-0.16265994732876568,-0.6824777790055415,-0.11626596235169225,0.7030277723512075,-0.548351,-0.2,-0.350591,0.40806,0.302719,0,0.235198,-0.155071,-0.272678,0.33453,0.172021,0,-0.101662,0.391844,1.078428,-0.28891,1.28124,-0.052918,0.326323,-1.166442,0.293506,1.385848,0.878382
0,0,0.17,-0.16265994732876568,-0.6824777790055415,-0.11626596235169225,0.7030277723512075,-0.548351,-0.2,-0.350591,0.40806,0.302719,0,0.235198,-0.155071,-0.272678,0.33453,0.172021,0,-0.101662,0.391844,1.078428,-0.28891,1.28124,-0.052918,0.326323,-1.166442,0.293506,1.385848,0.878382
0.000878,0.001031,0.16987000000000002,-0.1636410035389004,-0.6709910145108522,-0.10635500230003328,0.715319015469489,-0.495923,-0.2,-0.402245,0.437936,0.270054,0,0.231859,-0.176161,-0.32718,0.386017,0.12836,0,-0.127044,0.357998,1.067364,-0.281644,1.311615,-0.104509,0.293596,-1.177534,0.29153,1.436293,0.999139
0.001734,0.001067,0.169827,-0.1678560539387052,-0.6706202154964644,-0.10334503320879494,0.7151312297995908,-0.499424,-0.2,-0.423614,0.470424,0.257405,0,0.211953,-0.189537,-0.343822,0.433761,0.106702,0,-0.138674,0.36459,1.069117,-0.283193,1.31579,-0.121261,0.290905,-1.176182,0.287737,1.439681,1.015901
0.00247,0.00059,0.170412,-0.17175492177192003,-0.6709706943974091,-0.10086895405788357,0.7142296746945264,-0.508445,-0.2,-0.439134,0.499977,0.24242,0,0.179466,-0.207935,-0.357296,0.485551,0.088318,0,-0.150271,0.377267,1.072365,-0.288809,1.319396,-0.139569,0.287411,-1.175174,0.283442,1.438611,1.023756
0.002852,0.000158,0.171582,-0.17382700034183085,-0.6722840013220469,-0.10009100019682893,0.7126010014013295,-0.52033,-0.2,-0.447002,0.525287,0.228574,0,0.138852,-0.227967,-0.374969,0.547323,0.087211,0,-0.157874,0.395207,1.075328,-0.299899,1.321732,-0.151279,0.281793,-1.174245,0.276438,1.435976,1.026725
0.002443,0.000172,0.173538,-0.1712179802149075,-0.675044921995189,-0.10354398803497512,0.7101249179415196,-0.532275,-0.2,-0.443454,0.543552,0.216233,0,0.110169,-0.228148,-0.410516,0.625638,0.113836,0,-0.154081,0.413446,1.075464,-0.31936,1.324812,-0.148377,0.272173,-1.17421,0.264922,1.433107,1.025284
0.002187,0.000461,0.175799,-0.1610389833546895,-0.6792609297902358,-0.11235098838717773,0.707140926908503,-0.537738,-0.199811,-0.42834,0.554926,0.204566,0,0.108094,-0.2041,-0.471711,0.721726,0.15783,0,-0.130621,0.421936,1.067689,-0.346595,1.323347,-0.127083,0.266442,-1.178797,0.257447,1.434123,1.023812
0.001456,0.002135,0.177782,-0.14774498836220162,-0.6831009461924825,-0.12322699029347196,0.704527944504688,-0.530705,-0.199,-0.395878,0.538745,0.187449,0,0.122018,-0.16954,-0.574084,0.869086,0.219392,0,-0.099755,0.408873,1.046078,-0.392554,1.297798,-0.038165,0.262953,-1.185702,0.245897,1.434445,0.993966
0.005024,-0.000259,0.17843,-0.1359389456912466,-0.6979557211608128,-0.13593194569404313,0.6898557243968291,-0.56949,-0.195021,-0.367605,0.581275,0.182119,0,0.124939,-0.130817,-0.755579,1.190834,0.248161,0,-0.064967,0.432922,1.01315,-0.442656,1.221475,0.121989,0.289739,-1.189042,0.210107,1.418333,0.92111
0.007813,-0.001215,0.180268,-0.13035597969718812,-0.7036028904145623,-0.14323297769160867,0.6836918935156793,-0.569395,-0.18027,-0.398638,0.675184,0.139512,0,0.101305,-0.118527,-0.898904,1.437057,0.24958,0,-0.0454,0.420418,0.977928,-0.445115,1.162413,0.239052,0.299974,-1.178008,0.175142,1.33327,0.833273
0.009318,-0.001123,0.182501,-0.13438496409919606,-0.7055908115021459,-0.1415659621807998,0.6812058180165709,-0.549161,-0.160344,-0.442062,0.762083,0.095481,0,0.054855,-0.134363,-0.993773,1.623434,0.28882,0,-0.055562,0.392885,0.939098,-0.398516,1.083182,0.363887,0.287042,-1.161789,0.140532,1.115957,0.607627
0.00952,-0.000558,0.184562,-0.1439260047882744,-0.7058040234813948,-0.13447100447371593,0.680473022638657,-0.537125,-0.149961,-0.475553,0.817601,0.082058,0,0.013941,-0.144793,-1.048148,1.764653,0.33407,0,-0.076423,0.347892,0.898709,-0.320357,1.014658,0.420567,0.226762,-1.143244,0.105645,0.818177,0.294928
0.009732,0.000069,0.186366,-0.15286097764056789,-0.7062118967002752,-0.12371998190310839,0.680140900513757,-0.538704,-0.153956,-0.500911,0.864726,0.081336,0,-0.012749,-0.150566,-1.070919,1.85914,0.321845,0,-0.08566,0.270197,0.851765,-0.21454,0.949206,0.470788,0.073155,-1.131171,-0.057863,0.613549,0.078122
0.009025,0.001801,0.18721000000000002,-0.16500496811097798,-0.705297863693443,-0.1133019781031485,0.6800668685696093,-0.558553,-0.163493,-0.53157,0.909506,0.082452,0,-0.001305,-0.122358,-1.061843,1.867744,0.260128,0,-0.090589,0.190129,0.800827,-0.125414,0.872713,0.546534,-0.145944,-1.100825,-0.304451,0.489353,-0.043998
0.007843,0.005148,0.188206,-0.175797034211161,-0.7044791370958806,-0.10297702003994785,0.6798531323035112,-0.588601,-0.179174,-0.556954,0.951759,0.084359,0,0.006404,-0.114875,-1.017422,1.834843,0.313392,0,-0.091686,0.140918,0.7318,-0.101229,0.767569,0.653562,-0.385743,-1.039913,-0.612267,0.433997,-0.098713
0.006226,0.007826,0.18918700000000002,-0.18955199928301958,-0.7030059973408802,-0.0904879996577291,0.6794589974299461,-0.616839,-0.191369,-0.587212,0.995647,0.088138,0,0.037069,-0.080744,-0.968335,1.787553,0.394024,0,-0.115416,0.136178,0.655238,-0.138602,0.63257,0.802764,-0.600286,-0.919064,-0.890516,0.414659,-0.139529
0.004982,0.010206,0.190665,-0.20398498475059312,-0.701482947558891,-0.07624899429981598,0.6785999492695659,-0.638282,-0.2,-0.617987,1.040364,0.092779,0,0.05993,-0.057035,-0.929742,1.767756,0.403044,0,-0.126198,0.148607,0.578914,-0.210749,0.493043,0.960742,-0.746313,-0.764891,-1.108716,0.42483,-0.189251
0.004362,0.012455,0.193109,-0.21954100456623338,-0.6998140145554322,-0.0591850012309888,0.6771700140844591,-0.649579,-0.2,-0.652125,1.08916,0.1,0,0.086392,-0.038807,-0.898572,1.768927,0.361474,0,-0.141213,0.179612,0.496048,-0.317657,0.362437,1.090276,-0.840767,-0.578555,-1.263863,0.457198,-0.250001
0.003413,0.015941,0.196628,-0.23473694914905757,-0.6978678488212535,-0.04212899087361869,0.6753548536982312,-0.661433,-0.2,-0.687188,1.142811,0.104224,0,0.111441,-0.025037,-0.855592,1.760873,0.326646,0,-0.136264,0.221412,0.399261,-0.449926,0.226827,1.174019,-0.902068,-0.387558,-1.385338,0.496514,-0.28355
0.00239,0.01981,0.200499,-0.2514069877586169,-0.6934699662339084,-0.023646998848592116,0.6747849671437083,-0.669318,-0.2,-0.729521,1.195098,0.111034,0,0.139497,-0.004353,-0.809395,1.739803,0.322965,0,-0.125524,0.246087,0.311322,-0.4956,0.141825,1.203104,-0.944701,-0.20191,-1.482434,0.51809,-0.289282
0.002287,0.024591,0.204485,-0.27197007518029026,-0.687981190177635,-0.003879001072266511,0.6728291859891881,-0.681026,-0.2,-0.785109,1.262845,0.108778,0,0.165439,0.02364,-0.751795,1.712738,0.312924,0,-0.105391,0.263672,0.238821,-0.542253,0.062255,1.260326,-0.971589,-0.038898,-1.533764,0.500387,-0.3495
0.002528,0.03124,0.20847500000000002,-0.2951320748400437,-0.6797771723789373,0.018110004592362807,0.6711721701968669,-0.684473,-0.2,-0.846948,1.329102,0.109762,0,0.19325,0.050305,-0.694557,1.686676,0.283529,0,-0.078528,0.233191,0.1814,-0.587348,0.024717,1.385004,-0.993151,0.096808,-1.561762,0.437467,-0.459194
0.003864,0.040101,0.21202500000000002,-0.3216140745659102,-0.6683361549530875,0.04309900999246363,0.6693531551888773,-0.675528,-0.199545,-0.911657,1.390069,0.110729,0,0.227163,0.077306,-0.6358,1.659689,0.246955,0,-0.045394,0.1968,0.169161,-0.51723,0.024943,1.476319,-1.025912,0.200417,-1.568442,0.351896,-0.551862
0.006727,0.050945,0.21534,-0.35238592456034834,-0.6527658602542681,0.07612298370340322,0.6662778573615856,-0.640829,-0.2,-0.97339,1.444285,0.108226,0,0.269301,0.103021,-0.5644,1.627376,0.208904,0,0.012852,0.149756,0.169924,-0.384945,0.051754,1.514619,-1.070382,0.25,-1.530434,0.256813,-0.653682
0.010556,0.064049,0.218977,-0.38829710171463316,-0.6315991654477392,0.11863303107598601,0.6604801730131339,-0.577953,-0.2,-1.020077,1.480294,0.103842,0,0.322159,0.132499,-0.469495,1.578772,0.167839,0,0.079215,0.106216,0.164419,-0.226475,0.074901,1.516671,-1.099922,0.25,-1.455169,0.141876,-0.790057
0.015011,0.07975,0.22401600000000002,-0.42873704770900367,-0.6053530673624827,0.1657250184415498,0.649821072310793,-0.51876,-0.2,-1.045833,1.499737,0.103586,0,0.365664,0.168189,-0.351531,1.514473,0.112302,0,0.108586,0.085692,0.145358,-0.110553,0.056348,1.541737,-1.108892,0.25,-1.386479,0.02939,-0.875243
0.019527,0.099044,0.23123600000000002,-0.46780513934069334,-0.5770821718900102,0.21597106432925897,0.6336331887343263,-0.474433,-0.2,-1.035428,1.501462,0.09414,0,0.400717,0.1988,-0.209,1.432856,0.030389,0,0.106303,0.072446,0.123393,-0.022914,0.0339,1.57,-1.080585,0.25,-1.325102,-0.065398,-0.935801
0.024074,0.122045,0.238633,-0.4908372354097666,-0.552143264812667,0.2583141238896794,0.622487298550271,-0.436278,-0.2,-0.990812,1.483163,0.088528,0,0.405035,0.193756,-0.0954,1.364557,-0.064385,0,0.096274,0.039007,0.096641,0.07551,0.044935,1.57,-1.018677,0.25,-1.291816,-0.161137,-0.992517
0.03075,0.145959,0.24295800000000004,-0.5026711803232647,-0.5306451903583836,0.29324310519511815,0.6162352210621003,-0.391215,-0.2,-0.941507,1.487809,0.060415,0,0.39856,0.162723,-0.029786,1.344078,-0.143382,0,0.079828,0.010871,0.060233,0.139596,0.048927,1.57,-0.951673,0.24307,-1.296093,-0.238126,-0.984651
0.038199,0.168216,0.24361200000000002,-0.5072856950257656,-0.5082236944618517,0.3247668047539906,0.6155456299411571,-0.321712,-0.2,-0.892934,1.498649,0.030543,0,0.408746,0.135581,-0.025106,1.38574,-0.135477,0,0.116922,-0.00359,0.008626,0.211393,0.010559,1.57,-0.911021,0.179442,-1.2907,-0.291934,-1.008126
0.042104,0.189768,0.238887,-0.4967709764498272,-0.49599197648675725,0.34105798383163527,0.6252119703608893,-0.229265,-0.2,-0.815399,1.471344,0.005788,0,0.400224,0.074972,-0.114135,1.511435,-0.141187,0,0.173658,-0.022448,-0.046068,0.26755,-0.022723,1.57,-0.876315,0.132005,-1.310137,-0.333081,-1.073009
0.046185,0.210185,0.23011600000000001,-0.48009871842626495,-0.49741670826941453,0.34132179981772454,0.6368526264914572,-0.148846,-0.199977,-0.731778,1.43346,-0.030905,0,0.31486,-0.012872,-0.27576,1.691274,-0.153529,0,0.229378,-0.032679,-0.079676,0.266468,-0.04775,1.568585,-0.855195,0.129123,-1.33525,-0.351748,-1.158231
0.050619,0.227656,0.224656,-0.4782880121434934,-0.5022100127508616,0.3380010085816768,0.6362240161534096,-0.140483,-0.2,-0.654677,1.395085,-0.008661,0,0.199858,-0.042308,-0.453276,1.85304,-0.124776,0,0.2494,-0.064171,-0.053819,0.246761,-0.059178,1.518631,-0.873086,0.174065,-1.349678,-0.340376,-1.217928
0.052725,0.242085,0.222521,-0.4821769714883942,-0.4972499705971132,0.3513669792233199,0.6299119627526766,-0.126451,-0.2,-0.590506,1.359326,-0.033139,0,0.131769,-0.04855,-0.648998,1.964883,-0.060511,0,0.256775,-0.064634,-0.032263,0.2112,-0.078073,1.465476,-0.895174,0.189161,-1.371923,-0.3435,-1.225934
0.056326,0.255539,0.22338100000000002,-0.48667216254122925,-0.4872691627406189,0.3791261266224608,0.6180472064185306,-0.099965,-0.2,-0.518779,1.334351,-0.046981,0,0.106146,-0.059349,-0.844648,2.025577,-0.001305,0,0.275024,-0.018558,-0.035805,0.158248,-0.110913,1.46814,-0.894824,0.130119,-1.367574,-0.384905,-1.188963
0.060435,0.269204,0.230754,-0.5045531901005411,-0.46828917643734663,0.4203231583651864,0.591151222728088,-0.077189,-0.160362,-0.458044,1.328584,-0.055264,0,0.120472,-0.02555,-0.998324,2.00382,0.060467,0,0.268357,0.037842,-0.028977,0.156173,-0.158434,1.552867,-0.876234,0.036309,-1.305165,-0.439481,-1.169967
0.065959,0.283721,0.24408500000000002,-0.5367740336906232,-0.43721302744167695,0.4712190295760636,0.5465080343015777,-0.100896,-0.09322,-0.419846,1.340565,-0.067669,0,0.163794,0.045692,-1.094856,1.90965,0.121487,0,0.213545,0.078134,-0.000282,0.241541,-0.205077,1.528685,-0.872437,-0.041703,-1.249806,-0.486468,-1.148723
0.071289,0.299559,0.26348000000000005,-0.5738551760372753,-0.39649112162862665,0.5229371604175356,0.4899201502891531,-0.141399,-0.002087,-0.430707,1.368519,-0.047328,0,0.219812,0.123122,-1.143243,1.771157,0.15456,0,0.127373,0.108778,0.039711,0.337487,-0.245667,1.466699,-0.858192,-0.113574,-1.180759,-0.524549,-1.140178
0.07719,0.316542,0.28503200000000006,-0.6033463136946119,-0.3599351871391711,0.5626272925237901,0.43574122655259817,-0.188015,0.07581,-0.472636,1.406297,-0.030924,0,0.271024,0.170503,-1.179862,1.63306,0.205636,0,0.052208,0.137965,0.086506,0.405903,-0.29157,1.413966,-0.838633,-0.16764,-1.121548,-0.559046,-1.144264
0.083181,0.334929,0.307543,-0.6261341557296018,-0.3319560825627995,0.5899741467360284,0.3869000962282562,-0.259131,0.137559,-0.539129,1.444241,-0.01152,0,0.313813,0.197554,-1.215305,1.527391,0.241624,0,-0.004896,0.171502,0.144192,0.447888,-0.345713,1.324706,-0.826394,-0.200186,-1.085273,-0.585638,-1.159863
0.090016,0.353199,0.32846600000000004,-0.6448141513778773,-0.3110580730246241,0.6093041430414763,0.3408900800280462,-0.348711,0.177601,-0.626334,1.478414,-0.001694,0,0.336215,0.183922,-1.268743,1.485184,0.30026,0,-0.056029,0.203886,0.210035,0.472748,-0.386482,1.219361,-0.81671,-0.211642,-1.048355,-0.602331,-1.172286
0.097653,0.370956,0.348206,-0.6625878270387584,-0.2912539239713771,0.6241928370613476,0.2941629232120147,-0.467004,0.169935,-0.74068,1.505552,-0.023381,0,0.372131,0.176485,-1.325209,1.490301,0.321426,0,-0.105528,0.217349,0.291442,0.50127,-0.414389,1.166569,-0.805336,-0.208596,-0.996881,-0.617774,-1.182496
0.103851,0.38749,0.365607,-0.6784682016597764,-0.26719407941757384,0.6386281898182081,0.24585007307353632,-0.559906,0.118659,-0.850737,1.515698,-0.03132,0,0.439771,0.16568,-1.380812,1.540737,0.334832,0,-0.153727,0.216982,0.384489,0.535092,-0.440877,1.13802,-0.792542,-0.203155,-0.940369,-0.62969,-1.198988
0.10944,0.401873,0.38056100000000004,-0.6893881681900517,-0.24947806086517005,0.6475861579916146,0.20769405067112362,-0.593909,0.03933,-0.921906,1.519192,-0.014659,0,0.493891,0.102575,-1.455781,1.630061,0.348986,0,-0.181792,0.187878,0.475604,0.575107,-0.466056,1.104641,-0.782981,-0.183873,-0.891735,-0.636024,-1.218711
0.115643,0.412637,0.393745,-0.6966011358508182,-0.2308820450265055,0.656420128014738,0.17479403408824837,-0.557731,-0.034859,-0.97136,1.541382,0.020061,0,0.550181,0.000268,-1.551865,1.747991,0.366884,0,-0.193795,0.118228,0.567308,0.65259,-0.473606,1.07892,-0.776615,-0.163238,-0.840614,-0.636718,-1.241455
0.122209,0.4229,0.40681,-0.7007370590518149,-0.21864201842518238,0.662910055864096,0.14735501241775473,-0.53541,-0.118462,-1.018228,1.595041,0.042476,0,0.596711,-0.079301,-1.660797,1.870872,0.387357,0,-0.204413,0.04741,0.660933,0.727114,-0.473854,1.096496,-0.791889,-0.136969,-0.815924,-0.626473,-1.262418
0.129254,0.434847,0.41843700000000006,-0.6996676074239618,-0.21462487957626758,0.6700326240518358,0.12432893024036216,-0.533619,-0.190415,-1.051413,1.670472,0.044362,0,0.626905,-0.137941,-1.782156,1.996798,0.408921,0,-0.21537,-0.005747,0.750915,0.79935,-0.487978,1.151769,-0.813949,-0.107398,-0.815446,-0.601441,-1.268181
0.136022,0.447129,0.428095,-0.6928191455744811,-0.21724904564815717,0.6814061431763928,0.0921420193607909,-0.524129,-0.2,-1.087413,1.760047,0.044579,0,0.63856,-0.160101,-1.884735,2.125071,0.411697,0,-0.239451,-0.05245193333333333,0.851014,0.871245,-0.42985606666666665,1.232534,-0.8187040666666666,-0.058978,-0.798711,-0.5055725333333333,-1.264047
0.142942,0.459573,0.43552599999999997,-0.6823940180639932,-0.21907200579916483,0.6949940183975348,0.05769900152737904,-0.509395,-0.2,-1.122816,1.845472,0.029859,0,0.632783,-0.168901,-1.989383,2.243936,0.419442,0,-0.275233,-0.08203686666666667,0.937639,0.928226,-0.37384713333333336,1.321084,-0.8135641333333333,-0.011698,-0.781769,-0.4075370666666667,-1.256434
0.14858,0.473429,0.44070699999999996,-0.6704611970408642,-0.21631406357222513,0.7094412084966437,0.01957500575286981,-0.493566,-0.2,-1.157582,1.908264,0.02742,0,0.602724,-0.132681,-2.083979,2.344456,0.42372,0,-0.318413,-0.1126178,1.010453,0.991211,-0.3206782,1.40535,-0.7990282,0.024986,-0.762168,-0.3128686,-1.254722
0.154118,0.488124,0.44328999999999996,-0.65548501091022,-0.20746900345321795,0.7257940120804789,-0.02278300037921176,-0.477838,-0.2,-1.184005,1.946555,0.020026,0,0.542564,-0.079213,-2.165369,2.422435,0.442363,0,-0.368446,-0.16579273333333333,1.065325,1.083316,-0.26063426666666667,1.471036,-0.7699162666666666,0.054291,-0.737077,-0.22353613333333336,-1.259517
0.159127,0.5047,0.443654,-0.6358599803061445,-0.19369599400084783,0.7441419769524353,-0.06645799794166302,-0.468577,-0.2,-1.1944,1.960492,0.006916,0,0.45115,-0.006124,-2.235692,2.482993,0.450204,0,-0.415993,-0.24883366666666665,1.090934,1.202419,-0.19687033333333337,1.499774,-0.7304803333333334,0.065542,-0.716632,-0.1416716666666667,-1.270404
0.163939,0.521914,0.44138,-0.6124570623306769,-0.17479401778905032,0.7635960777123226,-0.10613401080141815,-0.455079,-0.2,-1.186213,1.950066,-0.011935,0,0.352646,0.090198,-2.286839,2.5,0.471973,0,-0.45411,-0.3646936,1.08415,1.345221,-0.13714939999999998,1.490671,-0.6861584000000001,0.056743,-0.708946,-0.06487720000000002,-1.28693
0.170085,0.53858,0.436368,-0.5859432169566489,-0.15401805702812255,0.7831852899892882,-0.13989205179769978,-0.435145,-0.2,-1.16827,1.922395,-0.030382,0,0.282342,0.165933,-2.321743,2.5,0.536997,0,-0.472267,-0.5074635333333333,1.052777,1.512835,-0.07801046666666667,1.462257,-0.6419854666666667,0.030147,-0.702224,0.011494266666666642,-1.306546
0.173613,0.551605,0.43175399999999997,-0.5630419195590509,-0.14844697879160432,0.7960418862706982,-0.1651199764095584,-0.457021,-0.2,-1.152849,1.882038,-0.00707,0,0.275162,0.180693,-2.268996,2.5,0.596429,0,-0.449992,-0.6720994666666666,1.02492,1.698111,-0.0058705333333333165,1.460398,-0.6082575333333333,0.011568,-0.677308,0.0867457333333333,-1.323812
0.175138,0.569808,0.42592399999999997,-0.541651086501956,-0.1376990219906044,0.8069111288641213,-0.1911740305305908,-0.527499,-0.2,-1.134027,1.926204,-0.021707,0,0.239917,0.124794,-2.201745,2.5,0.598846,0,-0.422628,-0.8253524000000001,0.972619,1.874127,0.06477840000000001,1.46833,-0.5880476,-0.027724,-0.657409,0.16380019999999995,-1.33647
0.178653,0.587998,0.42051800000000006,-0.5179162067786044,-0.13946905568317106,0.8212953279030465,-0.19438407760805287,-0.625362,-0.2,-1.112057,1.986593,-0.035866,0,0.195065,0.131969,-2.145108,2.5,0.6,0,-0.359221,-0.9368673333333333,0.92234,1.99659,0.1276383333333333,1.46599,-0.5827566666666667,-0.072647,-0.683848,0.24320866666666663,-1.342474
0.182209,0.605912,0.41593100000000005,-0.5002948777061837,-0.15293296261653597,0.8332377963204619,-0.1789729562512296,-0.728926,-0.2,-1.091829,2.027268,-0.048219,0,0.123679,0.118204,-2.130766,2.5,0.6,0,-0.280992,-1.0429872666666666,0.895608,2.079477,0.18627626666666652,1.465296,-0.5981737333333333,-0.098011,-0.722741,0.3240901333333332,-1.340377
0.185898,0.623056,0.41476900000000005,-0.49039092159973807,-0.16140197419618427,0.8393298658138273,-0.17026897277859074,-0.791695,-0.2,-1.08104,2.034434,-0.063322,0,0.062841,0.104782,-2.128329,2.5,0.6,0,-0.217739,-1.1417502000000002,0.869034,2.147948,0.25211820000000007,1.506196,-0.6175548000000001,-0.102626,-0.736735,0.4101166,-1.339781
0.1904,0.637364,0.41671,-0.490569020771183,-0.15988000676947955,0.839594035549252,-0.1698890071932707,-0.785037,-0.2,-1.083415,2.007229,-0.081015,0,0.027286,0.078742,-2.148431,2.5,0.6,0,-0.168809,-1.2238761333333334,0.831075,2.18498,0.34902213333333343,1.569998,-0.6533458666666667,-0.100479,-0.728315,0.5002790666666667,-1.344845
0.195157,0.647782,0.42069,-0.49815293518059295,-0.1527409801254213,0.8363848911700235,-0.17021797785132328,-0.733771,-0.2,-1.084824,1.952776,-0.109954,0,0.013302,0.045421,-2.186872,2.5,0.6,0,-0.127496,-1.2851900666666667,0.793282,2.182805,0.4679230666666667,1.57,-0.7055219333333334,-0.088664,-0.710717,0.5961985333333333,-1.360285
0.19765,0.654601,0.42618599999999995,-0.5080849966999877,-0.13935999909485683,0.8338569945840992,-0.1646539989305723,-0.666584,-0.2,-1.060273,1.873673,-0.140365,0,0.019622,0.025804,-2.227682,2.5,0.6,0,-0.083768,-1.3,0.746248,2.122808,0.61,1.57,-0.76,-0.079518,-0.701261,0.7,-1.38675
0.196357,0.659378,0.432269,-0.5155748808625167,-0.116276973131069,0.833743807341005,-0.15979196307575683,-0.594955,-0.2,-1.00881,1.780829,-0.170714,0,0.045269,0.007176,-2.245348,2.5,0.6,0,-0.044754,-1.2301822222222223,0.660865,2.03612,0.650023888888889,1.57,-0.7852424444444445,-0.084583,-0.703702,0.7011806111111111,-1.418533
0.192063,0.662826,0.439353,-0.5159579888836849,-0.08600899814693615,0.8360369819875837,-0.16562599643158796,-0.534092,-0.2,-0.953078,1.698363,-0.171027,0,0.088767,-0.006617,-2.229377,2.5,0.6,0,-0.021054,-1.1373224444444445,0.532909,2.009854,0.7483637777777777,1.57,-0.7934798888888889,-0.099585,-0.706348,0.7148842222222221,-1.44808
0.185333,0.666391,0.44732099999999997,-0.5046229016696954,-0.055560989173442224,0.8391918364759342,-0.19500196200211645,-0.475157,-0.15027,-0.930701,1.661336,-0.133723,0,0.137624,-0.011846,-2.16635,2.5,0.6,0,-0.020798,-1.0249936666666666,0.424374,1.962939,0.8625996666666667,1.57,-0.7735753333333334,-0.115627,-0.69504,0.7426528333333333,-1.465749
0.177874,0.670765,0.45448299999999997,-0.48823104065451184,-0.02593400215949846,0.8408970700206615,-0.23205601932307346,-0.451557,-0.122015,-0.948441,1.690131,-0.067928,0,0.187727,0.011839,-2.077687,2.5,0.6,0,-0.033003,-0.8763608888888889,0.370067,1.816376,0.9098415555555555,1.494026,-0.7476587777777778,-0.152799,-0.706947,0.7864784444444444,-1.452228
0.170091,0.675604,0.459704,-0.4678290521542871,0.0027180003030068504,0.8405440937051221,-0.2731560304518457,-0.455831,-0.114273,-1.007243,1.779713,-0.015076,0,0.240192,0.050465,-1.972628,2.5,0.6,0,-0.046812,-0.6941651111111111,0.357185,1.613749,0.8640184444444444,1.401815,-0.7158332222222222,-0.211454,-0.732416,0.8545280555555554,-1.399452
0.162366,0.679976,0.46398700000000004,-0.4434011916258425,0.03057101321195417,0.8388533625294334,-0.31430213583276917,-0.462874,-0.126295,-1.110457,1.930294,-0.001657,0,0.292476,0.083512,-1.856368,2.5,0.6,0,-0.046603,-0.5047943333333333,0.362416,1.417543,0.7079633333333334,1.358096,-0.6610836666666666,-0.281685,-0.742309,0.9249466666666666,-1.320197
0.153724,0.683702,0.46592,-0.4128681544818737,0.057074021355248014,0.8363663129411513,-0.35605313322353555,-0.462974,-0.127921,-1.256198,2.130152,0.019804,0,0.34673,0.125923,-1.687019,2.5,0.539806,0,-0.027415,-0.31047755555555556,0.402282,1.204813,0.5144222222222221,1.355551,-0.5746711111111111,-0.363745,-0.723764,0.9934912777777778,-1.2064
0.143578,0.686383,0.46686400000000006,-0.37576304057865245,0.08482500916025339,0.8323990898907828,-0.3983950430226829,-0.441414,-0.12668,-1.439199,2.345032,0.050801,0,0.409528,0.168757,-1.44395,2.5,0.399263,0,-0.008338,-0.12060777777777777,0.46473,1.053236,0.31870611111111113,1.358123,-0.47849755555555556,-0.455537,-0.756685,1.109307888888889,-0.99986
0.132784,0.688319,0.46885,-0.33443993286971807,0.11479197695844034,0.8248508344322456,-0.4411279114548295,-0.380921,-0.136724,-1.628375,2.5,0.103313,0,0.477059,0.199959,-1.168672,2.5,0.227037,0,0.001359,0.060988000000000014,0.54284,0.896237,0.14482,1.299022,-0.3633,-0.55563,-0.808244,1.2638705,-0.676359
0.122184,0.690568,0.475271,-0.2978779684807887,0.14975798415373434,0.8100409142875504,-0.4823639489598673,-0.250038,-0.2,-1.766201,2.5,0.218208,0,0.552158,0.2,-0.939216,2.5,0.072842,0,-0.010694,0.23132577777777777,0.613118,0.701804,-0.0033731111111111045,1.183987,-0.23246144444444444,-0.658853,-0.835435,1.404941111111111,-0.39463
0.11881,0.692216,0.480287,-0.2545429047879894,0.16832093703939718,0.7930657033530364,-0.5271838028064082,-0.048054,-0.2,-1.998441,2.5,0.341925,0,0.614471,0.2,-0.745848,2.5,-0.037648,0,-0.029253,0.42989455555555556,0.719725,0.452036,-0.11596922222222228,1.0517,-0.08836688888888888,-0.719953,-0.864772,1.4871637222222223,-0.145395
0.120224,0.689174,0.481626,-0.21520501391289656,0.16468601064686883,0.7845240507190894,-0.5577520360583913,0.176764,-0.2,-2.266223,2.5,0.44064,0,0.638126,0.2,-0.604967,2.5,-0.108797,0,-0.026024,0.6870243333333332,0.816442,0.120534,-0.17064733333333326,0.897697,0.0008716666666666456,-0.75002,-0.832157,1.5010033333333332,0.083327
0.115457,0.684941,0.4793069999999999,-0.17708101747311566,0.12269101210629106,0.8169340806093408,-0.534984052788484,0.2,-0.2,-2.398093,2.419473,0.490647,0,0.509699,0.2,-0.53972,2.5,-0.134002,0,0.095315,1.046852111111111,0.859994,-0.299374,-0.1680854444444444,0.801021,-0.015195777777777787,-0.722519,-0.769637,1.5071239444444444,0.240249
0.109351,0.679376,0.47719999999999996,-0.1502379945722765,0.08368099697681505,0.8487349693373282,-0.5000749819335415,0.2,-0.2,-2.408886,2.269379,0.492958,0,0.372782,0.2,-0.516218,2.499701,-0.133591,0,0.21083,1.3342988888888887,0.792069,-0.592778,-0.11686955555555562,0.846482,-0.09592122222222223,-0.694936,-0.80894,1.5000105555555556,0.069614
0.1024,0.669572,0.47590599999999994,-0.12699095755283463,0.05638898115178905,0.8734627080420817,-0.46664384402268794,0.2,-0.2,-2.349933,2.138181,0.475595,0,0.285468,0.2,-0.4525,2.464462,-0.124536,0,0.31522,1.4873196666666666,0.684535,-0.699153,-0.03285166666666675,0.937379,-0.16893866666666665,-0.66892,-0.984849,1.4428291666666668,-0.241674
0.090789,0.661557,0.479927,-0.12163202982825162,0.061395015056116484,0.8766782149908935,-0.4613801131458739,0.2,-0.2,-2.262974,2.095326,0.462138,0,0.298733,0.2,-0.362853,2.396062,-0.124659,0,0.331447,1.5325584444444444,0.563734,-0.585493,0.03446922222222225,0.883515,-0.24454011111111112,-0.687683,-1.113788,1.3511467777777777,-0.380016
0.083444,0.649082,0.485318,-0.10298800847086657,0.06033200496236816,0.8778590722047896,-0.46380703814859436,0.2,-0.2,-2.206249,2.147329,0.36866,0,0.320185,0.2,-0.221255,2.29435,-0.14672,0,0.318039,1.5512792222222223,0.452487,-0.397049,0.10587211111111113,0.753467,-0.2966965555555556,-0.652009,-1.086989,1.235909388888889,-0.307383
0.076027,0.638189,0.4921,-0.08375597762036342,0.0630959831407242,0.8793427650392048,-0.4644998758854174,0.2,-0.2,-2.152156,2.191509,0.331117,0,0.332935,0.2,-0.073527,2.176899,-0.181053,0,0.306093,1.521972,0.369167,-0.139611,0.210183,0.662449,-0.33832,-0.600457,-1.051787,1.111951,-0.165037
0.069254,0.629492,0.5012099999999999,-0.07548297205156625,0.06280497674573964,0.8794276743818505,-0.46579482753414037,0.2,-0.2,-2.092798,2.206416,0.269431,0,0.336324,0.2,0.025858,2.064867,-0.210527,0,0.300525,1.389951,0.321754,0.147903,0.449858,0.557719,-0.413351,-0.542186,-1.090006,1.045139,-0.114768
0.063612,0.623371,0.512985,-0.07300302667436132,0.0604630220924065,0.880428321697122,-0.4646081697618164,0.2,-0.2,-2.032845,2.197515,0.213624,0,0.33341,0.2,0.076589,1.972278,-0.223283,0,0.298705,1.219168,0.267923,0.381714,0.712038,0.502042,-0.498757,-0.472272,-1.142465,0.986351,-0.176446
0.057752,0.619728,0.5273329999999999,-0.07482495878500191,0.058623967708813826,0.8801935151728217,-0.46499874386992734,0.2,-0.2,-1.973224,2.168279,0.177976,0,0.330299,0.2,0.098145,1.889896,-0.219762,0,0.293929,1.076399,0.188362,0.511889,0.902331,0.575821,-0.589088,-0.398573,-1.227488,0.94391,-0.24812
0.049702,0.617955,0.5439269999999999,-0.0778700405493931,0.05405602814868415,0.882126459351154,-0.4613752402526834,0.18066,-0.2,-1.909328,2.12991,0.146437,0,0.287204,0.2,0.10014,1.806541,-0.207439,0,0.302886,0.971441,0.116358,0.55347,0.983437,0.657688,-0.67831,-0.323201,-1.314059,0.909501,-0.296995
0.038794,0.617886,0.562841,-0.08141897844473495,0.0462749877489302,0.8860397654254335,-0.454051879792051,0.141649,-0.2,-1.83864,2.082553,0.113241,0,0.191213,0.2,0.084089,1.71849,-0.184039,0,0.333244,0.885714,0.072042,0.59172,0.993037,0.612616,-0.744809,-0.263941,-1.378435,0.847636,-0.340473
0.025403,0.617883,0.5845629999999999,-0.08763702219324568,0.040246010191921235,0.8862552244357448,-0.4530471147298924,0.111173,-0.2,-1.759253,2.017942,0.08391,0,0.086985,0.2,0.061379,1.617478,-0.132816,0,0.360578,0.812639,0.04891,0.630431,0.962758,0.524298,-0.786097,-0.234491,-1.439247,0.751547,-0.40062
0.00987,0.617531,0.609474,-0.09437997017607527,0.03510398890719412,0.8838337207099143,-0.4568348556408937,0.084964,-0.2,-1.667809,1.934781,0.061194,0,0.005514,0.2,0.022913,1.529867,-0.028574,0,0.388545,0.745413,0.043513,0.647289,0.917582,0.466729,-0.790941,-0.235711,-1.441214,0.609764,-0.520861
-0.007139,0.617582,0.635891,-0.09608304626063455,0.031262015051569905,0.8821594247289898,-0.4599842214663565,0.052223,-0.2,-1.560551,1.842294,0.042341,0,-0.006507,0.2,-0.027408,1.493648,0.111056,0,0.419489,0.684196,0.049997,0.605035,0.883714,0.464493,-0.76222,-0.251573,-1.404381,0.44315,-0.630038
-0.022523,0.618004,0.66277,-0.09212400786932474,0.028585002441759804,0.8817860753230516,-0.46168103943725775,0.016897,-0.2,-1.443689,1.741487,0.032807,0,0.044166,0.2,-0.085981,1.513132,0.093949,0,0.442388,0.639196,0.057227,0.534247,0.856236,0.482544,-0.708862,-0.267355,-1.345304,0.282345,-0.711703
-0.037602,0.61698,0.691071,-0.08179998540549284,0.025611995430385222,0.8824908425486455,-0.4624529174905452,-0.02548,-0.2,-1.30981,1.631481,0.026164,0,0.164236,0.2,-0.148559,1.580432,0.02781,0,0.456281,0.615245,0.072879,0.464322,0.80777,0.491764,-0.634181,-0.276631,-1.27948,0.149911,-0.749628
-0.051255,0.617586,0.7192959999999999,-0.07368397474714257,0.020404993006832812,0.8811396980171763,-0.4666338400759777,-0.044306,-0.158468,-1.194477,1.507661,0.041002,0,0.214361,0.2,-0.269345,1.674907,-0.021536,0,0.446609,0.59612,0.089953,0.40035,0.736912,0.515523,-0.5596,-0.280624,-1.22593,0.052297,-0.760229
-0.065533,0.619361,0.748567,-0.06715000544717462,0.012981001053012569,0.8789920713034003,-0.47190603828078337,-0.058533,-0.107569,-1.078886,1.3592,0.075557,0,0.24217,0.2,-0.411925,1.741161,-0.030436,0,0.425457,0.578766,0.112218,0.355675,0.652646,0.548713,-0.475444,-0.282913,-1.189983,-0.008838,-0.767514
-0.081054,0.622349,0.777249,-0.06287999901749958,0.0017799999721877157,0.8757849863158599,-0.4785849925221095,-0.076912,-0.055882,-0.969812,1.192429,0.127246,0,0.260774,0.2,-0.550638,1.742576,-0.007665,0,0.394588,0.554891,0.145807,0.328937,0.57497,0.604492,-0.393614,-0.284837,-1.164823,-0.035825,-0.78818
-0.097558,0.62533,0.80081,-0.05907697788684102,-0.009211996551848782,0.8692646746247313,-0.49071781631895783,-0.091314,-0.003147,-0.867048,1.025291,0.17545,0,0.287643,0.2,-0.649255,1.675638,0.005851,0,0.351553,0.531754,0.195633,0.309983,0.502601,0.69683,-0.313314,-0.287133,-1.137932,-0.025436,-0.802122
-0.115306,0.629362,0.816966,-0.05571599881219019,-0.01686699964041221,0.8555379817607861,-0.5144569890322916,-0.116759,0.027338,-0.797274,0.916733,0.167051,0,0.329987,0.2,-0.704957,1.556686,0.00813,0,0.282979,0.515292,0.262055,0.310869,0.440753,0.770029,-0.235096,-0.298955,-1.099299,0.004894,-0.815488
-0.131996,0.633199,0.8249529999999999,-0.05354600438022355,-0.020331001663136748,0.8349310682998691,-0.5473660447761864,-0.165109,0.006951,-0.773229,0.909489,0.146465,0,0.391418,0.2,-0.727464,1.405685,0.015282,0,0.194799,0.505892,0.341788,0.321368,0.366224,0.79245,-0.159026,-0.320958,-1.045134,0.035218,-0.802777
-0.147588,0.6366,0.822739,-0.0494839920257044,-0.023284996247646173,0.810743869349447,-0.5828409060757784,-0.189544,0.016846,-0.786206,1.013662,0.141853,0,0.435124,0.182566,-0.734304,1.246468,0.018803,0,0.108593,0.495193,0.438064,0.329598,0.278914,0.80698,-0.073891,-0.345796,-0.953859,0.061538,-0.790697
-0.164336,0.640235,0.811927,-0.041786005420459675,-0.025436003299545568,0.791637102690776,-0.6090300790030825,-0.19437,0.061125,-0.801406,1.162226,0.127825,0,0.403574,0.09149,-0.736399,1.090317,0.092402,0,0.052285,0.471144,0.537634,0.317817,0.184652,0.789065,0.027721,-0.36413,-0.830856,0.08462,-0.765569
-0.181127,0.643769,0.798239,-0.03078398468119999,-0.03148298433336223,0.7684196176172041,-0.6384296823031046,-0.168768,0.14773,-0.80909,1.292355,0.118325,0,0.302962,-0.0341,-0.709168,1.061549,0.050891,0,-0.001837,0.421954,0.610632,0.282263,0.089424,0.754665,0.133575,-0.359476,-0.693461,0.105434,-0.721082
-0.190965,0.646386,0.779026,-0.023171003030824925,-0.027753003630162188,0.7562240989160093,-0.6533130854549906,-0.16853,0.153304,-0.803423,1.42657,0.086566,0,0.288799,-0.048325,-0.71176,1.16033,-0.089069,0,-0.016847,0.375681,0.60505,0.243798,0.001589,0.752591,0.244825,-0.363432,-0.550594,0.141117,-0.667199
-0.1996,0.649545,0.76441,-0.013792998989676253,-0.024207998226788093,0.7543369447455752,-0.6558959519562791,-0.208636,0.125912,-0.78685,1.511854,0.046,0,0.299693,-0.020602,-0.75123,1.274034,-0.130411,0,-0.011373,0.347161,0.507342,0.161751,-0.047283,0.773245,0.327256,-0.357828,-0.464804,0.225588,-0.632905
-0.204646,0.650709,0.7576689999999999,-0.013840997784152917,-0.02122999660122612,0.7513378797160745,-0.6594308944297385,-0.252199,0.074714,-0.788001,1.529805,0.02398,0,0.306455,-0.014387,-0.772637,1.326482,-0.155902,0,-0.0241,0.343419,0.326469,0.041754,-0.062136,0.827501,0.347543,-0.345173,-0.427377,0.402444,-0.680937
-0.20464,0.649301,0.7592679999999999,-0.008307382633903583,-0.017703471470678578,0.7453410834942571,-0.6663964613856138,-0.2218,0.07552055555555555,-0.7359673333333333,1.4728145555555554,0.009804222222222228,0,0.2587491111111111,-0.009328444444444445,-0.6936377777777778,1.2484266666666666,-0.21479955555555555,0,-0.032898333333333335,0.33766433333333334,0.13327866666666666,-0.0667321111111111,0.026516888888888895,0.8133193333333334,0.31399211111111114,-0.26359422222222223,-0.3105655555555556,0.603556,-0.7320391111111111
-0.199425,0.646016,0.7699159999999999,-0.004967712436226935,-0.013865057089526851,0.7383334204809627,-0.6742750493870712,-0.161943,0.0929891111111111,-0.6758266666666667,1.3898561111111112,0.02781244444444446,0,0.22084622222222225,-0.00854788888888889,-0.5860805555555555,1.1115123333333334,-0.2394351111111111,0,-0.028200666666666666,0.3399566666666667,0.04370433333333333,-0.05513922222222222,0.1266917777777778,0.8007516666666666,0.28776022222222225,-0.17868244444444448,-0.12894711111111112,0.798503,-0.6707742222222223
-0.189968,0.642111,0.78623,-0.0043899222419031625,-0.010135222956124727,0.7386714571486254,-0.6739751362122095,-0.083379,0.11419866666666667,-0.598827,1.2765036666666667,0.027186666666666665,0,0.17335533333333336,-0.023931333333333332,-0.4745233333333333,0.932602,-0.22312166666666666,0,-0.004157000000000001,0.33866799999999997,0.025083000000000008,0.006584666666666683,0.23265466666666668,0.8224510000000002,0.2685683333333334,-0.11701866666666669,0.02300333333333332,0.972667,-0.36622933333333335
-0.177406,0.637678,0.802254,-0.0047069942655574145,-0.008154084931396058,0.7434876656791423,-0.6686833675865549,-0.022815999999999975,0.11733022222222222,-0.5129503333333334,1.133960222222222,-0.027357111111111082,0,0.12363844444444444,-0.04411877777777778,-0.3849151111111111,0.7633636666666668,-0.16291922222222222,0,0.018602666666666667,0.3356713333333334,0.02471266666666666,0.04117755555555555,0.32924055555555554,0.8300503333333333,0.2544524444444445,-0.08255288888888893,0.11008677777777774,1.09698,0.05993855555555555
-0.16542,0.633662,0.816187,-0.005398338248443954,-0.006661358982954339,0.7467818730736859,-0.6650137730071557,-0.028070999999999985,0.08883077777777779,-0.42671866666666664,0.9638867777777776,-0.08928988888888889,0,0.08291255555555554,-0.054737222222222215,-0.3144758888888888,0.6216933333333334,-0.0949837777777778,0,0.028658333333333334,0.3279276666666667,0.02977833333333335,0.0501394444444444,0.4242874444444445,0.6750556666666667,0.24074855555555558,-0.07118311111111111,0.11507922222222224,1.145273,0.36693044444444445
-0.154029,0.630275,0.825239,-0.005763286358934977,-0.0045903760224163545,0.7448577231835233,-0.6671826475502609,-0.05399499999999999,0.051110333333333334,-0.3383860000000001,0.7773233333333334,-0.14491766666666667,0,0.05885766666666675,-0.04932766666666667,-0.24894766666666668,0.5049060000000001,-0.06739433333333333,0,0.022827999999999998,0.31263300000000005,0.03225600000000001,0.04064733333333331,0.5236423333333333,0.4150020000000001,0.2248586666666667,-0.07038033333333338,0.06273366666666663,1.114511,0.44702033333333335
-0.142182,0.626801,0.8278369999999999,-0.003402409328399165,-0.002566477061273005,0.7428548800693253,-0.6694389172758366,-0.07233599999999996,0.014653888888888883,-0.24041233333333328,0.5839318888888887,-0.18567644444444442,0,0.042422777777777754,-0.031084111111111108,-0.19472944444444434,0.4242566666666667,-0.0751998888888889,0,0.01679366666666667,0.2893293333333333,0.03991066666666668,0.023124222222222213,0.6027952222222223,0.19085933333333338,0.21431477777777774,-0.07010855555555556,0.0063061111111111234,1.029361,0.34203222222222224
-0.130294,0.625013,0.823877,-0.0013924446346299656,-0.0034382058139436726,0.740620820749182,-0.6719129703403028,-0.05967499999999998,-0.008406555555555556,-0.15840366666666672,0.39764844444444447,-0.18631822222222216,0,0.02371988888888893,-0.006147555555555555,-0.15517622222222222,0.36649433333333337,-0.12454944444444443,0,0.012316333333333332,0.2456416666666667,0.05412933333333331,0.007887111111111123,0.6809641111111111,0.09354866666666672,0.19967588888888899,-0.06389977777777783,-0.008787444444444514,0.9057740000000001,0.14536011111111108
-0.120434,0.624466,0.8195749999999999,6.938893903907228e-18,-3.411064920180535e-18,0.7339864789426871,-0.6791640808591959,0,0,-0.09999999999999998,0.29999999999999993,-0.19999999999999998,0,0,0,-0.09999999999999998,0.30000000000000004,-0.2,0,0,0.18,0.06,0,0.78,0,0.18,-0.06,0,0.78,0
-0.120434,0.624466,0.8195749999999999,6.938893903907228e-18,-3.411064920180535e-18,0.7339864789426871,-0.6791640808591959,0,0,-0.09999999999999998,0.29999999999999993,-0.19999999999999998,0,0,0,-0.09999999999999998,0.30000000000000004,-0.2,0,0,0.18,0.06,0,0.78,0,0.18,-0.06,0,0.78,0
-0.120434,0.624466,0.8195749999999999,6.938893903907228e-18,-3.411064920180535e-18,0.7339864789426871,-0.6791640808591959,0,0,-0.09999999999999998,0.29999999999999993,-0.19999999999999998,0,0,0,-0.09999999999999998,0.30000000000000004,-0.2,0,0,0.18,0.06,0,0.78,0,0.18,-0.06,0,0.78,0
-0.120434,0.624466,0.8195749999999999,6.938893903907228e-18,-3.411064920180535e-18,0.7339864789426871,-0.6791640808591959,0,0,-0.09999999999999998,0.29999999999999993,-0.19999999999999998,0,0,0,-0.09999999999999998,0.30000000000000004,-0.2,0,0,0.18,0.06,0,0.78,0,0.18,-0.06,0,0.78,0
-0.120434,0.624466,0.8195749999999999,6.938893903907228e-18,-3.411064920180535e-18,0.7339864789426871,-0.6791640808591959,0,0,-0.09999999999999998,0.29999999999999993,-0.19999999999999998,0,0,0,-0.09999999999999998,0.30000000000000004,-0.2,0,0,0.18,0.06,0,0.78,0,0.18,-0.06,0,0.78,0
-0.120434,0.624466,0.8195749999999999,6.938893903907228e-18,-3.411064920180535e-18,0.7339864789426871,-0.6791640808591959,0,0,-0.09999999999999998,0.29999999999999993,-0.19999999999999998,0,0,0,-0.09999999999999998,0.30000000000000004,-0.2,0,0,0.18,0.06,0,0.78,0,0.18,-0.06,0,0.78,0
-0.120434,0.624466,0.8195749999999999,6.938893903907228e-18,-3.411064920180535e-18,0.7339864789426871,-0.6791640808591959,0,0,-0.09999999999999998,0.29999999999999993,-0.19999999999999998,0,0,0,-0.09999999999999998,0.30000000000000004,-0.2,0,0,0.18,0.06,0,0.78,0,0.18,-0.06,0,0.78,0
-0.120434,0.624466,0.8195749999999999,6.938893903907228e-18,-3.411064920180535e-18,0.7339864789426871,-0.6791640808591959,0,0,-0.09999999999999998,0.29999999999999993,-0.19999999999999998,0,0,0,-0.09999999999999998,0.30000000000000004,-0.2,0,0,0.18,0.06,0,0.78,0,0.18,-0.06,0,0.78,0
-0.120434,0.624466,0.8195749999999999,6.938893903907228e-18,-3.411064920180535e-18,0.7339864789426871,-0.6791640808591959,0,0,-0.09999999999999998,0.29999999999999993,-0.19999999999999998,0,0,0,-0.09999999999999998,0.30000000000000004,-0.2,0,0,0.18,0.06,0,0.78,0,0.18,-0.06,0,0.78,0
-0.120434,0.624466,0.8195749999999999,6.938893903907228e-18,-3.411064920180535e-18,0.7339864789426871,-0.6791640808591959,0,0,-0.09999999999999998,0.29999999999999993,-0.19999999999999998,0,0,0,-0.09999999999999998,0.30000000000000004,-0.2,0,0,0.18,0.06,0,0.78,0,0.18,-0.06,0,0.78,0
-0.120434,0.624466,0.8195749999999999,6.938893903907228e-18,-3.411064920180535e-18,0.7339864789426871,-0.6791640808591959,0,0,-0.09999999999999998,0.29999999999999993,-0.19999999999999998,0,0,0,-0.09999999999999998,0.30000000000000004,-0.2,0,0,0.18,0.06,0,0.78,0,0.18,-0.06,0,0.78,0
-0.120434,0.624466,0.8195749999999999,6.938893903907228e-18,-3.411064920180535e-18,0.7339864789426871,-0.6791640808591959,0,0,-0.09999999999999998,0.29999999999999993,-0.19999999999999998,0,0,0,-0.09999999999999998,0.30000000000000004,-0.2,0,0,0.18,0.06,0,0.78,0,0.18,-0.06,0,0.78,0
-0.120434,0.624466,0.8195749999999999,6.938893903907228e-18,-3.411064920180535e-18,0.7339864789426871,-0.6791640808591959,0,0,-0.09999999999999998,0.29999999999999993,-0.19999999999999998,0,0,0,-0.09999999999999998,0.30000000000000004,-0.2,0,0,0.18,0.06,0,0.78,0,0.18,-0.06,0,0.78,0
-0.120434,0.624466,0.8195749999999999,6.938893903907228e-18,-3.411064920180535e-18,0.7339864789426871,-0.6791640808591959,0,0,-0.09999999999999998,0.29999999999999993,-0.19999999999999998,0,0,0,-0.09999999999999998,0.30000000000000004,-0.2,0,0,0.18,0.06,0,0.78,0,0.18,-0.06,0,0.78,0
-0.120434,0.624466,0.8195749999999999,6.938893903907228e-18,-3.411064920180535e-18,0.7339864789426871,-0.6791640808591959,0,0,-0.09999999999999998,0.29999999999999993,-0.19999999999999998,0,0,0,-0.09999999999999998,0.30000000000000004,-0.2,0,0,0.18,0.06,0,0.78,0,0.18,-0.06,0,0.78,0
-0.120434,0.624466,0.8195749999999999,6.938893903907228e-18,-3.411064920180535e-18,0.7339864789426871,-0.6791640808591959,0,0,-0.09999999999999998,0.29999999999999993,-0.19999999999999998,0,0,0,-0.09999999999999998,0.30000000000000004,-0.2,0,0,0.18,0.06,0,0.78,0,0.18,-0.06,0,0.78,0